<beans xmlns="http://www.springframework.org/schema/beans"
       xmlns:context="http://www.springframework.org/schema/context"
       xmlns:mvc="http://www.springframework.org/schema/mvc" 
       xmlns:xsi="http://www.w3.org/2001/XMLSchema-instance"
       xmlns:jee="http://www.springframework.org/schema/jee"
       xmlns:tx="http://www.springframework.org/schema/tx"
       xmlns:p="http://www.springframework.org/schema/p"
       xsi:schemaLocation="
        http://www.springframework.org/schema/beans     
        http://www.springframework.org/schema/beans/spring-beans-3.0.xsd
        http://www.springframework.org/schema/context 
        http://www.springframework.org/schema/context/spring-context-3.0.xsd
        http://www.springframework.org/schema/mvc
        http://www.springframework.org/schema/mvc/spring-mvc-3.0.xsd
        http://www.springframework.org/schema/jee
        http://www.springframework.org/schema/jee/spring-jee-3.0.xsd
        http://www.springframework.org/schema/tx
        http://www.springframework.org/schema/tx/spring-tx-3.0.xsd">

    <context:annotation-config></context:annotation-config>
    <context:component-scan base-package="springmvcjpa" />
    <mvc:annotation-driven />

    <!--
    <bean id="viewResolver"
          class="org.springframework.web.servlet.view.InternalResourceViewResolver">
        <property name="prefix">
            <value>/jsp/</value>
        </property>
        <property name="suffix">
            <value>.jsp</value>
        </property>
    </bean>-->

	<!-- Declare a Thymeleaf resolver -->
    <bean id="templateResolver" class="org.thymeleaf.templateresolver.ServletContextTemplateResolver"
        p:prefix="/WEB-INF/views/"
        p:suffix=".html"
        p:templateMode="HTML5"
        p:order="1"/>

    <bean id="templateEngine" class="org.thymeleaf.spring3.SpringTemplateEngine"
        p:templateResolver-ref="templateResolver" />
    
    <bean class="org.thymeleaf.spring3.view.ThymeleafViewResolver"
        p:templateEngine-ref="templateEngine"/>
    
    <!-- Persistence -->    
    <bean id="entityManagerFactory" class="org.springframework.orm.jpa.LocalContainerEntityManagerFactoryBean">
        <property name="persistenceUnitName" value="bookingDatabase"/>
    </bean>
    
    <tx:annotation-driven transaction-manager="transactionManager" />

    <bean id="transactionManager" class="org.springframework.orm.jpa.JpaTransactionManager">
        <property name="entityManagerFactory" ref="entityManagerFactory" />
    </bean>
 
    <!-- @PersistenceContext -->  
    <bean
        class="org.springframework.orm.jpa.support.PersistenceAnnotationBeanPostProcessor"/>

</beans>