<?xml version='1.0' encoding='UTF-8'?>

<!-- =========== FULL CONFIGURATION FILE ================================== -->

<faces-config version="2.0"
    xmlns="http://java.sun.com/xml/ns/javaee" 
    xmlns:xsi="http://www.w3.org/2001/XMLSchema-instance" 
    xsi:schemaLocation="http://java.sun.com/xml/ns/javaee http://java.sun.com/xml/ns/javaee/web-facesconfig_2_0.xsd">

    <lifecycle>
        <phase-listener>jsf2jpa.beans.CheckUserPhaseListener</phase-listener>
    </lifecycle>
    <faces-config-extension>
        <facelets-processing>
            <file-extension>.xhtml</file-extension>
            <process-as>xhtml</process-as>
            <oam-compress-spaces>true</oam-compress-spaces>
        </facelets-processing> 
    </faces-config-extension>
</faces-config>
