<grails>
  <resources>
    <resource>DefaultCacheConfig</resource>
    <resource>org.grails.plugin.resource.CSSPreprocessorResourceMapper</resource>
    <resource>org.grails.plugin.resource.ResourceTagLib</resource>
    <resource>ResourcesBootStrap</resource>
    <resource>grails.plugin.cache.GrailsCacheAdminService</resource>
    <resource>grails.plugin.cache.CacheTagLib</resource>
    <resource>org.grails.plugin.resource.CSSRewriterResourceMapper</resource>
    <resource>JQueryConfig</resource>
    <resource>DbdocUrlMappings</resource>
    <resource>JQueryPluginResources</resource>
    <resource>JQueryService</resource>
    <resource>org.grails.plugin.resource.BundleResourceMapper</resource>
    <resource>grails.plugin.databasemigration.DbdocController</resource>
    <resource>JQueryResourceTagLib</resource>
    <resource>JQueryTagLib</resource>
    <resource>ApplicationResources</resource>
    <resource>BootStrap</resource>
    <resource>BuildConfig</resource>
    <resource>Config</resource>
    <resource>DataSource</resource>
    <resource>resources</resource>
    <resource>UrlMappings</resource>
    <resource>FormValController</resource>
    <resource>MainController</resource>
    <resource>UserController</resource>
    <resource>Booking</resource>
    <resource>Hotel</resource>
    <resource>User</resource>
    <resource>FormValTagLib</resource>
  </resources>
  <plugins>
    <plugin>JqueryGrailsPlugin</plugin>
    <plugin>WebflowGrailsPlugin</plugin>
    <plugin>CacheGrailsPlugin</plugin>
    <plugin>HibernateGrailsPlugin</plugin>
    <plugin>DatabaseMigrationGrailsPlugin</plugin>
    <plugin>ResourcesGrailsPlugin</plugin>
  </plugins>
</grails>